{
  "plantvillage": {
    "dataset": "plantvillage",
    "fold": null,
    "accuracy": 0.9935086011035378,
    "macro_precision": 0.9939676573833718,
    "macro_recall": 0.993382318252189,
    "macro_f1": 0.9936706717990895
  },
  "rice": {
    "dataset": "rice",
    "fold": null,
    "accuracy": 1.0,
    "macro_precision": 1.0,
    "macro_recall": 1.0,
    "macro_f1": 1.0
  },
  "cassava": {
    "dataset": "cassava",
    "fold": null,
    "accuracy": 0.7438162544169611,
    "macro_precision": 0.675253328048527,
    "macro_recall": 0.6114242993057871,
    "macro_f1": 0.6016949791127763
  }
}